{
  "version": 1,
  "author": "luqman",
  "editor": "wokwi",
  "parts": [
    { "type": "wokwi-arduino-uno", "id": "uno", "top": 10, "left": 10, "attrs": {} },
    { "type": "wokwi-potentiometer", "id": "pot1", "top": 219.5, "left": 47.8, "attrs": {} },
    { "type": "wokwi-lcd1602", "id": "lcd", "top": -130.97, "left": 275.2, "attrs": {} },
    {
      "type": "wokwi-led",
      "id": "ledBiru",
      "top": 15.6,
      "left": 330.2,
      "attrs": { "color": "blue" }
    },
    {
      "type": "wokwi-led",
      "id": "ledHijau",
      "top": 13.6,
      "left": 382.8,
      "attrs": { "color": "green" }
    },
    {
      "type": "wokwi-led",
      "id": "ledKuning",
      "top": 15.6,
      "left": 435.8,
      "attrs": { "color": "yellow" }
    },
    {
      "type": "wokwi-led",
      "id": "ledMerah",
      "top": 15.6,
      "left": 483.8,
      "attrs": { "color": "red" }
    },
    { "type": "wokwi-buzzer", "id": "buzzer", "top": 60, "left": 366.6, "attrs": {} }
  ],
  "connections": [
    [ "pot1:GND", "uno:GND", "black", [] ],
    [ "pot1:VCC", "uno:5V", "red", [] ],
    [ "pot1:SIG", "uno:A0", "green", [] ],
    [ "lcd:VSS", "uno:GND", "black", [] ],
    [ "lcd:VDD", "uno:5V", "red", [] ],
    [ "lcd:VO", "uno:GND", "gray", [] ],
    [ "lcd:RS", "uno:12", "orange", [] ],
    [ "lcd:RW", "uno:GND", "black", [] ],
    [ "lcd:E", "uno:11", "yellow", [] ],
    [ "lcd:D4", "uno:5", "blue", [] ],
    [ "lcd:D5", "uno:4", "blue", [] ],
    [ "lcd:D6", "uno:3", "blue", [] ],
    [ "lcd:D7", "uno:2", "blue", [] ],
    [ "lcd:A", "uno:5V", "red", [] ],
    [ "lcd:K", "uno:GND", "black", [] ],
    [ "ledBiru:C", "uno:GND", "black", [] ],
    [ "ledBiru:A", "uno:7", "blue", [] ],
    [ "ledHijau:C", "uno:GND", "black", [] ],
    [ "ledHijau:A", "uno:8", "green", [] ],
    [ "ledKuning:C", "uno:GND", "black", [] ],
    [ "ledKuning:A", "uno:9", "yellow", [] ],
    [ "ledMerah:C", "uno:GND", "black", [] ],
    [ "ledMerah:A", "uno:10", "red", [] ],
    [ "buzzer:1", "uno:6", "orange", [] ],
    [ "buzzer:2", "uno:GND", "black", [] ]
  ],
  "dependencies": {}
}